{
    "texture": "caidai4.png",
    "endGreen": 255,
    "radialAccelerationVariance": 0,
    "duration": -1,
    "emitterVariance": {
        "x": 667,
        "y": 2
    },
    "blendFactorSource": "one",
    "engGreenVariance": 0,
    "blendFactorDestination": "oneMinusSourceAlpha",
    "endAlpha": 1,
    "tangentialAcceleration": 0,
    "maxRadiusVariance": 95,
    "emitter": {
        "x": 0,
        "y": -28
    },
    "startGreenVariance": 0,
    "minRadius": 20,
    "lifespanVariance": 700,
    "maxRadius": 100,
    "minRadiusVariance": 10,
    "startSize": 50,
    "rotatePerSecond": 30,
    "startSizeVariance": 10,
    "endRedVariance": 0,
    "rotatePerSecondVariance": 10,
    "endSize": 40,
    "endAlphaVariance": 0,
    "startGreen": 255,
    "endSizeVariance": 5,
    "lifespan": 5000,
    "emitAngle": 180,
    "tangentialAccelerationVariance": 0,
    "emitAngleVariance": 360,
    "startRotation": 0,
    "startAlpha": 0.8901960784313725,
    "emitterType": 0,
    "startRotationVariance": 45,
    "gravity": {
        "x": 0,
        "y": 150
    },
    "startAlphaVariance": 0,
    "endRotationVariance": 292.07,
    "startBlue": 255,
    "endRed": 255,
    "startBlueVariance": 0,
    "endRotation": 263.58,
    "speedVariance": 0,
    "startRedVariance": 0,
    "maxParticles": 65,
    "endBlue": 255,
    "speed": 300,
    "startRed": 255,
    "endBlueVariance": 0,
    "radialAcceleration": 0
}