{
  "skins": {
    "eui.Button": "resource/eui_skins/ButtonSkin.exml",
    "eui.CheckBox": "resource/eui_skins/CheckBoxSkin.exml",
    "eui.HScrollBar": "resource/eui_skins/HScrollBarSkin.exml",
    "eui.HSlider": "resource/eui_skins/HSliderSkin.exml",
    "eui.Panel": "resource/eui_skins/PanelSkin.exml",
    "eui.TextInput": "resource/eui_skins/TextInputSkin.exml",
    "eui.ProgressBar": "resource/eui_skins/ProgressBarSkin.exml",
    "eui.RadioButton": "resource/eui_skins/RadioButtonSkin.exml",
    "eui.Scroller": "resource/eui_skins/ScrollerSkin.exml",
    "eui.ToggleSwitch": "resource/eui_skins/ToggleSwitchSkin.exml",
    "eui.VScrollBar": "resource/eui_skins/VScrollBarSkin.exml",
    "eui.VSlider": "resource/eui_skins/VSliderSkin.exml",
    "eui.ItemRenderer": "resource/eui_skins/ItemRendererSkin.exml"
  },
  "autoGenerateExmlsList": true,
  "exmls": [
    {
      "path": "resource/eui_skins/ButtonSkin.exml",
      "content": "<?xml version=\"1.0\" encoding=\"utf-8\" ?>\r\n<e:Skin class=\"skins.ButtonSkin\" states=\"up,down,disabled\" minHeight=\"50\" minWidth=\"100\" xmlns:e=\"http://ns.egret.com/eui\">\r\n    <e:Image width=\"100%\" height=\"100%\" scale9Grid=\"1,3,8,8\" alpha.disabled=\"0.5\"\r\n             source=\"button_up_png\"\r\n             source.down=\"button_down_png\"/>\r\n    <e:Label id=\"labelDisplay\" top=\"8\" bottom=\"8\" left=\"8\" right=\"8\"\r\n             size=\"20\"\r\n             textColor=\"0xFFFFFF\" verticalAlign=\"middle\" textAlign=\"center\"/>\r\n    <e:Image id=\"iconDisplay\" horizontalCenter=\"0\" verticalCenter=\"0\"/>\r\n</e:Skin>\r\n"
    },
    {
      "path": "resource/eui_skins/CheckBoxSkin.exml",
      "content": "<?xml version=\"1.0\" encoding=\"utf-8\"?>\r\n<e:Skin class=\"skins.CheckBoxSkin\" states=\"up,down,disabled,upAndSelected,downAndSelected,disabledAndSelected\" xmlns:e=\"http://ns.egret.com/eui\">\r\n    <e:Group width=\"100%\" height=\"100%\">\r\n        <e:layout>\r\n            <e:HorizontalLayout verticalAlign=\"middle\"/>\r\n        </e:layout>\r\n        <e:Image fillMode=\"scale\" alpha=\"1\" alpha.disabled=\"0.5\" alpha.down=\"0.7\"\r\n                 source=\"checkbox_unselect_png\"\r\n                 source.upAndSelected=\"checkbox_select_up_png\"\r\n                 source.downAndSelected=\"checkbox_select_down_png\"\r\n                 source.disabledAndSelected=\"checkbox_select_disabled_png\"/>\r\n        <e:Label id=\"labelDisplay\" size=\"20\" textColor=\"0x707070\"\r\n                 textAlign=\"center\" verticalAlign=\"middle\"\r\n                 fontFamily=\"Tahoma\"/>\r\n    </e:Group>\r\n</e:Skin>\r\n"
    },
    {
      "path": "resource/eui_skins/HScrollBarSkin.exml",
      "content": "<?xml version=\"1.0\" encoding=\"utf-8\"?>\r\n<e:Skin class=\"skins.HScrollBarSkin\" minWidth=\"20\" minHeight=\"8\" xmlns:e=\"http://ns.egret.com/eui\">\r\n    <e:Image id=\"thumb\" source=\"roundthumb_png\" scale9Grid=\"3,3,2,2\" height=\"8\" width=\"30\" verticalCenter=\"0\"/>\r\n</e:Skin>\r\n"
    },
    {
      "path": "resource/eui_skins/HSliderSkin.exml",
      "content": "<?xml version=\"1.0\" encoding=\"utf-8\"?>\r\n<e:Skin class=\"skins.HSliderSkin\" minWidth=\"20\" minHeight=\"8\" xmlns:e=\"http://ns.egret.com/eui\">\r\n    <e:Image id=\"track\" source=\"track_sb_png\" scale9Grid=\"1,1,4,4\" width=\"100%\"\r\n             height=\"6\" verticalCenter=\"0\"/>\r\n    <e:Image id=\"thumb\" source=\"thumb_png\" verticalCenter=\"0\"/>\r\n</e:Skin>\r\n"
    },
    {
      "path": "resource/eui_skins/ItemRendererSkin.exml",
      "content": "<?xml version=\"1.0\" encoding=\"utf-8\" ?>\r\n<e:Skin class=\"skins.ItemRendererSkin\" states=\"up,down,disabled\" minHeight=\"50\" minWidth=\"100\" xmlns:e=\"http://ns.egret.com/eui\">\r\n    <e:Image width=\"100%\" height=\"100%\" scale9Grid=\"1,3,8,8\" alpha.disabled=\"0.5\"\r\n             source=\"button_up_png\"\r\n             source.down=\"button_down_png\"/>\r\n    <e:Label id=\"labelDisplay\" top=\"8\" bottom=\"8\" left=\"8\" right=\"8\"\r\n             size=\"20\" fontFamily=\"Tahoma\"\r\n             textColor=\"0xFFFFFF\" text=\"{data}\" verticalAlign=\"middle\" textAlign=\"center\"/>\r\n</e:Skin>\r\n"
    },
    {
      "path": "resource/eui_skins/PanelSkin.exml",
      "content": "<?xml version=\"1.0\" encoding=\"utf-8\"?>\r\n<e:Skin class=\"skins.PanelSkin\" minHeight=\"230\" minWidth=\"450\" xmlns:e=\"http://ns.egret.com/eui\">\r\n    <e:Image left=\"0\" right=\"0\" bottom=\"0\"  top=\"0\" source=\"border_png\" scale9Grid=\"2,2,12,12\" />\r\n    <e:Group id=\"moveArea\" left=\"0\" right=\"0\" top=\"0\" height=\"45\">\r\n        <e:Image left=\"0\" right=\"0\" bottom=\"0\"  top=\"0\" source=\"header_png\"/>\r\n        <e:Label id=\"titleDisplay\" size=\"20\" fontFamily=\"Tahoma\" textColor=\"0xFFFFFF\"\r\n                 wordWrap=\"false\" left=\"15\" right=\"5\" verticalCenter=\"0\"/>\r\n    </e:Group>\r\n    <e:Button id=\"closeButton\" label=\"close\" bottom=\"5\" horizontalCenter=\"0\"/>\r\n</e:Skin>\r\n"
    },
    {
      "path": "resource/eui_skins/ProgressBarSkin.exml",
      "content": "<?xml version=\"1.0\" encoding=\"utf-8\"?>\r\n<e:Skin class=\"skins.ProgressBarSkin\" minWidth=\"30\" minHeight=\"18\" xmlns:e=\"http://ns.egret.com/eui\">\r\n\t<e:Image source=\"track_pb_png\" scale9Grid=\"1,1,4,4\" width=\"100%\"\r\n\t\t\t height=\"100%\" verticalCenter=\"0\"/>\r\n\t<e:Image id=\"thumb\" height=\"100%\" width=\"100%\" source=\"thumb_pb_png\"/>\r\n\t<e:Label id=\"labelDisplay\" textAlign=\"center\" verticalAlign=\"middle\"\r\n\t\t\t size=\"15\" fontFamily=\"Tahoma\" textColor=\"0x707070\"\r\n\t\t\t horizontalCenter=\"0\" verticalCenter=\"0\"/>\r\n</e:Skin>\r\n"
    },
    {
      "path": "resource/eui_skins/RadioButtonSkin.exml",
      "content": "<?xml version=\"1.0\" encoding=\"utf-8\"?>\r\n<e:Skin class=\"skins.RadioButtonSkin\" states=\"up,down,disabled,upAndSelected,downAndSelected,disabledAndSelected\" xmlns:e=\"http://ns.egret.com/eui\">\r\n    <e:Group width=\"100%\" height=\"100%\">\r\n        <e:layout>\r\n            <e:HorizontalLayout verticalAlign=\"middle\"/>\r\n        </e:layout>\r\n        <e:Image fillMode=\"scale\" alpha=\"1\" alpha.disabled=\"0.5\" alpha.down=\"0.7\"\r\n                 source=\"radiobutton_unselect_png\"\r\n                 source.upAndSelected=\"radiobutton_select_up_png\"\r\n                 source.downAndSelected=\"radiobutton_select_down_png\"\r\n                 source.disabledAndSelected=\"radiobutton_select_disabled_png\"/>\r\n        <e:Label id=\"labelDisplay\" size=\"20\" textColor=\"0x707070\"\r\n                 textAlign=\"center\" verticalAlign=\"middle\"\r\n                 fontFamily=\"Tahoma\"/>\r\n    </e:Group>\r\n</e:Skin>\r\n"
    },
    {
      "path": "resource/eui_skins/ScrollerSkin.exml",
      "content": "<?xml version=\"1.0\" encoding=\"utf-8\"?>\r\n<e:Skin class=\"skins.ScrollerSkin\" minWidth=\"20\" minHeight=\"20\" xmlns:e=\"http://ns.egret.com/eui\">\r\n    <e:HScrollBar id=\"horizontalScrollBar\" width=\"100%\" bottom=\"0\"/>\r\n    <e:VScrollBar id=\"verticalScrollBar\" height=\"100%\" right=\"0\"/>\r\n</e:Skin>"
    },
    {
      "path": "resource/eui_skins/TextInputSkin.exml",
      "content": "<?xml version='1.0' encoding='utf-8'?>\r\n<e:Skin class=\"skins.TextInputSkin\" minHeight=\"40\" minWidth=\"300\" states=\"normal,disabled,normalWithPrompt,disabledWithPrompt\" xmlns:e=\"http://ns.egret.com/eui\">\r\n\t<e:Image width=\"100%\" height=\"100%\" scale9Grid=\"1,3,8,8\" source=\"button_up_png\"/>\r\n\t<e:Rect height=\"100%\" width=\"100%\" fillColor=\"0xffffff\"/>\r\n \t<e:EditableText id=\"textDisplay\" verticalCenter=\"0\" left=\"10\" right=\"10\"\r\n\t                textColor=\"0x000000\" textColor.disabled=\"0xff0000\" width=\"100%\" height=\"24\" size=\"20\" />\r\n\t<e:Label id=\"promptDisplay\" verticalCenter=\"0\" left=\"10\" right=\"10\"\r\n\t                textColor=\"0xa9a9a9\" width=\"100%\" height=\"24\" size=\"20\" touchEnabled=\"false\" includeIn=\"normalWithPrompt,disabledWithPrompt\"/>\r\n</e:Skin>"
    },
    {
      "path": "resource/eui_skins/ToggleSwitchSkin.exml",
      "content": "<?xml version=\"1.0\" encoding=\"utf-8\"?>\r\n<e:Skin class=\"skins.ToggleSwitchSkin\" states=\"up,down,disabled,upAndSelected,downAndSelected,disabledAndSelected\" xmlns:e=\"http://ns.egret.com/eui\">\r\n    <e:Image source=\"on_png\"\r\n             source.up=\"off_png\"\r\n             source.down=\"off_png\"\r\n             source.disabled=\"off_png\"/>\r\n    <e:Image source=\"handle_png\"\r\n             horizontalCenter=\"-18\"\r\n             horizontalCenter.upAndSelected=\"18\"\r\n             horizontalCenter.downAndSelected=\"18\"\r\n             horizontalCenter.disabledAndSelected=\"18\"\r\n             verticalCenter=\"0\"/>\r\n</e:Skin>\r\n"
    },
    {
      "path": "resource/eui_skins/VScrollBarSkin.exml",
      "content": "<?xml version=\"1.0\" encoding=\"utf-8\"?>\r\n<e:Skin class=\"skins.VScrollBarSkin\" minWidth=\"8\" minHeight=\"20\" xmlns:e=\"http://ns.egret.com/eui\">\r\n    <e:Image id=\"thumb\" source=\"roundthumb_png\" scale9Grid=\"3,3,2,2\" height=\"30\" width=\"8\" horizontalCenter=\"0\"/>\r\n</e:Skin>\r\n"
    },
    {
      "path": "resource/eui_skins/VSliderSkin.exml",
      "content": "<?xml version=\"1.0\" encoding=\"utf-8\"?>\r\n<e:Skin class=\"skins.VSliderSkin\" minWidth=\"25\" minHeight=\"30\" xmlns:e=\"http://ns.egret.com/eui\">\r\n    <e:Image id=\"track\" source=\"track_png\" scale9Grid=\"1,1,4,4\" width=\"7\" height=\"100%\" horizontalCenter=\"0\"/>\r\n    <e:Image id=\"thumb\" source=\"thumb_png\" horizontalCenter=\"0\" />\r\n</e:Skin>\r\n"
    },
    {
      "path": "resource/eui_skins/game/gamescene.exml",
      "content": "<?xml version=\"1.0\" encoding=\"utf-8\"?>\r\n<e:Skin class=\"gamescene\" width=\"750\" height=\"1334\" xmlns:e=\"http://ns.egret.com/eui\" xmlns:w=\"http://ns.egret.com/wing\" xmlns:com=\"com.*\">\r\n\t<e:Rect id=\"bg\" left=\"0\" right=\"0\" bottom=\"0\" top=\"0\" anchorOffsetX=\"0\" anchorOffsetY=\"0\" fillColor=\"0x327aff\"/>\r\n\t<e:Group id=\"con_body\" width=\"718.18\" height=\"718.18\" anchorOffsetX=\"350\" anchorOffsetY=\"350\" horizontalCenter=\"0\" verticalCenter=\"0\">\r\n\t\t<e:Image source=\"p_bg2_png\" width=\"616\" height=\"618\" horizontalCenter=\"0\" verticalCenter=\"0\"/>\r\n\t\t<e:Image source=\"p_bg_png\" scaleX=\"1\" scaleY=\"1\" width=\"678\" height=\"756\" horizontalCenter=\"0\" verticalCenter=\"0\"/>\r\n\t\t<e:Image id=\"brick_0\" source=\"p_brick1_png\" x=\"295.2\" y=\"421.48\" scaleX=\"1\" scaleY=\"1\"/>\r\n\t\t<e:Group id=\"con_graph\" horizontalCenter=\"0\" verticalCenter=\"0\">\r\n\t\t\t<e:Image id=\"graph_0\" source=\"p_graph1_png\" horizontalCenter=\"0\" verticalCenter=\"0\"/>\r\n\t\t\t<e:Image id=\"graph_1\" source=\"p_graph2_png\" horizontalCenter=\"0\" verticalCenter=\"0\" visible=\"false\"/>\r\n\t\t\t<e:Image id=\"graph_2\" source=\"p_graph3_png\" horizontalCenter=\"0\" verticalCenter=\"0\" visible=\"false\"/>\r\n\t\t\t<e:Image id=\"graph_3\" source=\"p_graph4_png\" horizontalCenter=\"0\" verticalCenter=\"0\" visible=\"false\"/>\r\n\t\t\t<e:Image id=\"graph_4\" source=\"p_graph5_png\" horizontalCenter=\"0\" verticalCenter=\"0\" visible=\"false\"/>\r\n\t\t\t<e:Image id=\"graph_5\" source=\"p_graph6_png\" horizontalCenter=\"0\" verticalCenter=\"0\" visible=\"false\"/>\r\n\t\t\t<e:Image id=\"graph_12\" source=\"p_graph13_png\" horizontalCenter=\"0\" verticalCenter=\"0\" visible=\"false\"/>\r\n\t\t\t<e:Image id=\"graph_6\" source=\"p_graph7_png\" horizontalCenter=\"0\" verticalCenter=\"0\" visible=\"false\"/>\r\n\t\t\t<e:Image id=\"graph_7\" source=\"p_graph8_png\" horizontalCenter=\"0\" verticalCenter=\"0\" visible=\"false\"/>\r\n\t\t\t<e:Image id=\"graph_8\" source=\"p_graph9_png\" horizontalCenter=\"0\" verticalCenter=\"0\" visible=\"false\"/>\r\n\t\t\t<e:Image id=\"graph_9\" source=\"p_graph10_png\" horizontalCenter=\"0\" verticalCenter=\"0\" visible=\"false\"/>\r\n\t\t\t<e:Image id=\"graph_10\" source=\"p_graph11_png\" horizontalCenter=\"0\" verticalCenter=\"0\" visible=\"false\"/>\r\n\t\t\t<e:Image id=\"graph_11\" source=\"p_graph12_png\" horizontalCenter=\"0\" verticalCenter=\"0\" visible=\"false\"/>\r\n\t\t\t<e:Image id=\"graph_13\" source=\"p_graph14_png\" horizontalCenter=\"0\" verticalCenter=\"0\" visible=\"false\"/>\r\n\t\t\t<e:Image id=\"graph_14\" source=\"p_graph15_png\" horizontalCenter=\"0\" verticalCenter=\"0\" visible=\"false\"/>\r\n\t\t\t<e:Image id=\"p_light\" source=\"p_light_png\" horizontalCenter=\"0\" verticalCenter=\"0\"/>\r\n\t\t\t<e:Image id=\"hand_target\" width=\"8.67\" height=\"7.33\" x=\"294\" y=\"421\" anchorOffsetX=\"0\" anchorOffsetY=\"0\"/>\r\n\t\t\t<e:Group id=\"mc_light_con\" width=\"604\" height=\"618\" horizontalCenter=\"0\" verticalCenter=\"0\"/>\r\n\t\t\t<e:Group id=\"con_face\" y=\"428.48\" width=\"127\" height=\"127\" x=\"184.97\" scaleX=\"1\" scaleY=\"1\" anchorOffsetX=\"64\" anchorOffsetY=\"66\">\r\n\t\t\t<e:Image id=\"p_face1\" source=\"p_graph_face1_png\" horizontalCenter=\"-0.5\" verticalCenter=\"-0.5\"/>\r\n\t\t\t<e:Image id=\"p_face2\" source=\"p_graph_face2_png\" horizontalCenter=\"0\" verticalCenter=\"0\" visible=\"false\"/>\r\n\t\t\t</e:Group>\r\n\t\t</e:Group>\r\n\r\n\r\n\r\n\t\t<com:MovieClip id=\"mc_brick_0\" width=\"185.33\" height=\"283.99\" x=\"261.53\" y=\"338.49\" anchorOffsetX=\"0\" anchorOffsetY=\"0\"/>\r\n\t</e:Group>\r\n\t<e:Group id=\"ui_tishi\" x=\"375\" y=\"97\" anchorOffsetX=\"338\" anchorOffsetY=\"112\">\r\n\t\t<e:Image id=\"tishi_bg\" source=\"p_tishi_png\" anchorOffsetY=\"0\" x=\"0\" y=\"-170\"/>\r\n\t\t<e:Image id=\"tishi_face1\" source=\"p_face1_png\" anchorOffsetX=\"61\" anchorOffsetY=\"62\" x=\"117\" y=\"112\"/>\r\n\t\t<e:Image id=\"tishi_word1\" source=\"p_word1_png\" verticalCenter=\"0\" right=\"38\"/>\r\n\t\t<e:Image id=\"tishi_face2\" source=\"p_face2_png\" anchorOffsetX=\"61\" anchorOffsetY=\"62\" x=\"113\" y=\"116\" visible=\"false\"/>\r\n\t\t<e:Image id=\"tishi_face3\" source=\"p_face3_png\" anchorOffsetX=\"61\" anchorOffsetY=\"62\" x=\"118\" y=\"116\" visible=\"false\"/>\r\n\t\t<e:Image id=\"tishi_word2\" source=\"p_word2_png\" verticalCenter=\"0\" right=\"86\" visible=\"false\"/>\r\n\t\t<e:Image id=\"tishi_word3\" source=\"p_word3_png\" verticalCenter=\"0\" right=\"75\" visible=\"false\"/>\r\n\t</e:Group>\r\n\t<e:Group id=\"download_con\" x=\"375\" bottom=\"30\" width=\"498\" height=\"161\" anchorOffsetX=\"249\" anchorOffsetY=\"80.5\">\r\n\t\t<e:Image id=\"download\" source=\"p_btn1_png\" anchorOffsetX=\"249\" anchorOffsetY=\"80.5\" y=\"80.5\" x=\"249\"/>\r\n\t</e:Group>\r\n</e:Skin>"
    },
    {
      "path": "resource/eui_skins/game/guide_com.exml",
      "content": "<?xml version=\"1.0\" encoding=\"utf-8\"?>\r\n<e:Skin class=\"guide_com\" width=\"247\" height=\"858\" xmlns:e=\"http://ns.egret.com/eui\" xmlns:w=\"http://ns.egret.com/wing\">\r\n\t<e:Image id=\"hand\" source=\"p_hand_png\"/>\r\n</e:Skin>"
    }
  ]
}