{
	"groups": [
		{
			"keys": "xuehua_png,xuehua_json,caidai4_png,caidai4_json,caidai3_png,caidai3_json,caidai2_png,caidai2_json,caidai1_png,caidai1_json,p_btn1_png,brick_break_9_png,brick_break_8_png,brick_break_7_png,brick_break_6_png,brick_break_5_png,brick_break_4_png,brick_break_3_png,brick_break_2_png,brick_break_19_png,brick_break_18_png,brick_break_17_png,brick_break_16_png,brick_break_15_png,brick_break_14_png,brick_break_13_png,brick_break_12_png,brick_break_11_png,brick_break_10_png,brick_break_1_png,p_light9_png,p_light8_png,p_light7_png,p_light6_png,p_light5_png,p_light4_png,p_light3_png,p_light2_png,p_light12_png,p_light11_png,p_light10_png,p_light1_png,p_graph9_png,p_graph8_png,p_graph7_png,p_graph6_png,p_graph5_png,p_graph4_png,p_graph3_png,p_graph2_png,p_graph15_png,p_graph14_png,p_graph13_png,p_graph12_png,p_graph11_png,p_graph10_png,p_graph1_png,egret_icon_png,bg_jpg,border_png,header_png,p_graph_face2_png,p_graph_face1_png,button_up_png,button_down_png,p_xuehua_png,p_word3_png,p_tishi_png,p_hand_png,p_face3_png,checkbox_select_down_png,checkbox_select_disabled_png,checkbox_select_up_png,checkbox_unselect_png",
			"name": "preload"
		}
	],
	"resources": [
		{
			"url": "assets/CheckBox/checkbox_select_disabled.png",
			"type": "image",
			"name": "checkbox_select_disabled_png"
		},
		{
			"url": "assets/CheckBox/checkbox_select_down.png",
			"type": "image",
			"name": "checkbox_select_down_png"
		},
		{
			"url": "assets/CheckBox/checkbox_select_up.png",
			"type": "image",
			"name": "checkbox_select_up_png"
		},
		{
			"url": "assets/CheckBox/checkbox_unselect.png",
			"type": "image",
			"name": "checkbox_unselect_png"
		},
		{
			"url": "assets/ItemRenderer/selected.png",
			"type": "image",
			"name": "selected_png"
		},
		{
			"url": "assets/Panel/border.png",
			"type": "image",
			"name": "border_png"
		},
		{
			"url": "assets/Panel/header.png",
			"type": "image",
			"name": "header_png"
		},
		{
			"url": "assets/RadioButton/radiobutton_select_disabled.png",
			"type": "image",
			"name": "radiobutton_select_disabled_png"
		},
		{
			"url": "assets/RadioButton/radiobutton_select_down.png",
			"type": "image",
			"name": "radiobutton_select_down_png"
		},
		{
			"url": "assets/RadioButton/radiobutton_select_up.png",
			"type": "image",
			"name": "radiobutton_select_up_png"
		},
		{
			"url": "assets/RadioButton/radiobutton_unselect.png",
			"type": "image",
			"name": "radiobutton_unselect_png"
		},
		{
			"url": "assets/ScrollBar/roundthumb.png",
			"type": "image",
			"name": "roundthumb_png"
		},
		{
			"url": "assets/Slider/thumb.png",
			"type": "image",
			"name": "thumb_png"
		},
		{
			"url": "assets/Slider/track.png",
			"type": "image",
			"name": "track_png"
		},
		{
			"url": "assets/Slider/tracklight.png",
			"type": "image",
			"name": "tracklight_png"
		},
		{
			"url": "assets/ToggleSwitch/handle.png",
			"type": "image",
			"name": "handle_png"
		},
		{
			"url": "assets/ToggleSwitch/off.png",
			"type": "image",
			"name": "off_png"
		},
		{
			"url": "assets/ToggleSwitch/on.png",
			"type": "image",
			"name": "on_png"
		},
		{
			"url": "assets/Button/button_down.png",
			"type": "image",
			"name": "button_down_png"
		},
		{
			"url": "assets/Button/button_up.png",
			"type": "image",
			"name": "button_up_png"
		},
		{
			"url": "assets/ProgressBar/thumb_pb.png",
			"type": "image",
			"name": "thumb_pb_png"
		},
		{
			"url": "assets/ProgressBar/track_pb.png",
			"type": "image",
			"name": "track_pb_png"
		},
		{
			"url": "assets/ScrollBar/track_sb.png",
			"type": "image",
			"name": "track_sb_png"
		},
		{
			"url": "assets/bg.jpg",
			"type": "image",
			"name": "bg_jpg"
		},
		{
			"url": "assets/egret_icon.png",
			"type": "image",
			"name": "egret_icon_png"
		},
		{
			"url": "config/description.json",
			"type": "json",
			"name": "description_json"
		},
		{
			"url": "assets/p_bg.png",
			"type": "image",
			"name": "p_bg_png"
		},
		{
			"url": "assets/p_bg2.png",
			"type": "image",
			"name": "p_bg2_png"
		},
		{
			"url": "assets/p_brick1.png",
			"type": "image",
			"name": "p_brick1_png"
		},
		{
			"url": "assets/p_face1.png",
			"type": "image",
			"name": "p_face1_png"
		},
		{
			"url": "assets/p_face2.png",
			"type": "image",
			"name": "p_face2_png"
		},
		{
			"url": "assets/p_face3.png",
			"type": "image",
			"name": "p_face3_png"
		},
		{
			"url": "assets/p_graph_face1.png",
			"type": "image",
			"name": "p_graph_face1_png"
		},
		{
			"url": "assets/p_graph_face2.png",
			"type": "image",
			"name": "p_graph_face2_png"
		},
		{
			"url": "assets/p_hand.png",
			"type": "image",
			"name": "p_hand_png"
		},
		{
			"url": "assets/p_light.png",
			"type": "image",
			"name": "p_light_png"
		},
		{
			"url": "assets/p_tishi.png",
			"type": "image",
			"name": "p_tishi_png"
		},
		{
			"url": "assets/p_word1.png",
			"type": "image",
			"name": "p_word1_png"
		},
		{
			"url": "assets/p_word2.png",
			"type": "image",
			"name": "p_word2_png"
		},
		{
			"url": "assets/p_word3.png",
			"type": "image",
			"name": "p_word3_png"
		},
		{
			"url": "assets/p_xuehua.png",
			"type": "image",
			"name": "p_xuehua_png"
		},
		{
			"url": "assets/graph/p_graph1.png",
			"type": "image",
			"name": "p_graph1_png"
		},
		{
			"url": "assets/graph/p_graph10.png",
			"type": "image",
			"name": "p_graph10_png"
		},
		{
			"url": "assets/graph/p_graph11.png",
			"type": "image",
			"name": "p_graph11_png"
		},
		{
			"url": "assets/graph/p_graph12.png",
			"type": "image",
			"name": "p_graph12_png"
		},
		{
			"url": "assets/graph/p_graph13.png",
			"type": "image",
			"name": "p_graph13_png"
		},
		{
			"url": "assets/graph/p_graph14.png",
			"type": "image",
			"name": "p_graph14_png"
		},
		{
			"url": "assets/graph/p_graph15.png",
			"type": "image",
			"name": "p_graph15_png"
		},
		{
			"url": "assets/graph/p_graph2.png",
			"type": "image",
			"name": "p_graph2_png"
		},
		{
			"url": "assets/graph/p_graph3.png",
			"type": "image",
			"name": "p_graph3_png"
		},
		{
			"url": "assets/graph/p_graph4.png",
			"type": "image",
			"name": "p_graph4_png"
		},
		{
			"url": "assets/graph/p_graph5.png",
			"type": "image",
			"name": "p_graph5_png"
		},
		{
			"url": "assets/graph/p_graph6.png",
			"type": "image",
			"name": "p_graph6_png"
		},
		{
			"url": "assets/graph/p_graph7.png",
			"type": "image",
			"name": "p_graph7_png"
		},
		{
			"url": "assets/graph/p_graph8.png",
			"type": "image",
			"name": "p_graph8_png"
		},
		{
			"url": "assets/graph/p_graph9.png",
			"type": "image",
			"name": "p_graph9_png"
		},
		{
			"url": "assets/light/p_light1.png",
			"type": "image",
			"name": "p_light1_png"
		},
		{
			"url": "assets/light/p_light10.png",
			"type": "image",
			"name": "p_light10_png"
		},
		{
			"url": "assets/light/p_light11.png",
			"type": "image",
			"name": "p_light11_png"
		},
		{
			"url": "assets/light/p_light12.png",
			"type": "image",
			"name": "p_light12_png"
		},
		{
			"url": "assets/light/p_light2.png",
			"type": "image",
			"name": "p_light2_png"
		},
		{
			"url": "assets/light/p_light3.png",
			"type": "image",
			"name": "p_light3_png"
		},
		{
			"url": "assets/light/p_light4.png",
			"type": "image",
			"name": "p_light4_png"
		},
		{
			"url": "assets/light/p_light5.png",
			"type": "image",
			"name": "p_light5_png"
		},
		{
			"url": "assets/light/p_light6.png",
			"type": "image",
			"name": "p_light6_png"
		},
		{
			"url": "assets/light/p_light7.png",
			"type": "image",
			"name": "p_light7_png"
		},
		{
			"url": "assets/light/p_light8.png",
			"type": "image",
			"name": "p_light8_png"
		},
		{
			"url": "assets/light/p_light9.png",
			"type": "image",
			"name": "p_light9_png"
		},
		{
			"url": "assets/movie/brick_break/brick_break_1.png",
			"type": "image",
			"name": "brick_break_1_png"
		},
		{
			"url": "assets/movie/brick_break/brick_break_10.png",
			"type": "image",
			"name": "brick_break_10_png"
		},
		{
			"url": "assets/movie/brick_break/brick_break_11.png",
			"type": "image",
			"name": "brick_break_11_png"
		},
		{
			"url": "assets/movie/brick_break/brick_break_12.png",
			"type": "image",
			"name": "brick_break_12_png"
		},
		{
			"url": "assets/movie/brick_break/brick_break_13.png",
			"type": "image",
			"name": "brick_break_13_png"
		},
		{
			"url": "assets/movie/brick_break/brick_break_14.png",
			"type": "image",
			"name": "brick_break_14_png"
		},
		{
			"url": "assets/movie/brick_break/brick_break_15.png",
			"type": "image",
			"name": "brick_break_15_png"
		},
		{
			"url": "assets/movie/brick_break/brick_break_16.png",
			"type": "image",
			"name": "brick_break_16_png"
		},
		{
			"url": "assets/movie/brick_break/brick_break_17.png",
			"type": "image",
			"name": "brick_break_17_png"
		},
		{
			"url": "assets/movie/brick_break/brick_break_18.png",
			"type": "image",
			"name": "brick_break_18_png"
		},
		{
			"url": "assets/movie/brick_break/brick_break_19.png",
			"type": "image",
			"name": "brick_break_19_png"
		},
		{
			"url": "assets/movie/brick_break/brick_break_2.png",
			"type": "image",
			"name": "brick_break_2_png"
		},
		{
			"url": "assets/movie/brick_break/brick_break_3.png",
			"type": "image",
			"name": "brick_break_3_png"
		},
		{
			"url": "assets/movie/brick_break/brick_break_4.png",
			"type": "image",
			"name": "brick_break_4_png"
		},
		{
			"url": "assets/movie/brick_break/brick_break_5.png",
			"type": "image",
			"name": "brick_break_5_png"
		},
		{
			"url": "assets/movie/brick_break/brick_break_6.png",
			"type": "image",
			"name": "brick_break_6_png"
		},
		{
			"url": "assets/movie/brick_break/brick_break_7.png",
			"type": "image",
			"name": "brick_break_7_png"
		},
		{
			"url": "assets/movie/brick_break/brick_break_8.png",
			"type": "image",
			"name": "brick_break_8_png"
		},
		{
			"url": "assets/movie/brick_break/brick_break_9.png",
			"type": "image",
			"name": "brick_break_9_png"
		},
		{
			"url": "assets/preload/first/p_btn1.png",
			"type": "image",
			"name": "p_btn1_png"
		},
		{
			"url": "assets/preload/particle/caidai/caidai1.json",
			"type": "json",
			"name": "caidai1_json"
		},
		{
			"url": "assets/preload/particle/caidai/caidai1.png",
			"type": "image",
			"name": "caidai1_png"
		},
		{
			"url": "assets/preload/particle/caidai/caidai2.json",
			"type": "json",
			"name": "caidai2_json"
		},
		{
			"url": "assets/preload/particle/caidai/caidai2.png",
			"type": "image",
			"name": "caidai2_png"
		},
		{
			"url": "assets/preload/particle/caidai/caidai3.json",
			"type": "json",
			"name": "caidai3_json"
		},
		{
			"url": "assets/preload/particle/caidai/caidai3.png",
			"type": "image",
			"name": "caidai3_png"
		},
		{
			"url": "assets/preload/particle/caidai/caidai4.json",
			"type": "json",
			"name": "caidai4_json"
		},
		{
			"url": "assets/preload/particle/caidai/caidai4.png",
			"type": "image",
			"name": "caidai4_png"
		},
		{
			"url": "assets/preload/particle/xuehua/xuehua.json",
			"type": "json",
			"name": "xuehua_json"
		},
		{
			"url": "assets/preload/particle/xuehua/xuehua.png",
			"type": "image",
			"name": "xuehua_png"
		},
		{
			"url": "assets/sound/bm_bgm.mp3",
			"type": "sound",
			"name": "bm_bgm_mp3"
		},
		{
			"url": "assets/sound/sm_break.mp3",
			"type": "sound",
			"name": "sm_break_mp3"
		},
		{
			"url": "assets/sound/sm_huadong.mp3",
			"type": "sound",
			"name": "sm_huadong_mp3"
		},
		{
			"url": "assets/sound/sm_success.mp3",
			"type": "sound",
			"name": "sm_success_mp3"
		},
		{
			"url": "assets/sound/sm_tanchu.mp3",
			"type": "sound",
			"name": "sm_tanchu_mp3"
		}
	]
}